buyer_id,buyer_name,requirement_name,requirement_type,applies_to_company_id,priority,status,process_summary,required_evidence_or_data,source_url,next_action,owner,due_date,notes
university_of_houston,University of Houston,CMBL registration,state_vendor_registration,all,recommended,not_started,"Register or verify Centralized Master Bidders List profile so Texas purchasing entities can find the vendor and send bid notices.","Company profile; NIGP/commodity codes; current email; annual fee",https://comptroller.texas.gov/purchasing/vendor/cmbl/,Verify Metro LeCrown CMBL status,Benjamin,2026-06-28,"CMBL annual registration fee is listed as $70 on the Comptroller page."
university_of_houston,University of Houston,ESBD bid monitoring,bid_source,all,recommended,not_started,"Monitor UH current bid opportunities through the Comptroller Electronic State Business Daily link from UH's formal procurement page.","Search terms; commodity codes; saved opportunity links",https://www.uh.edu/office-of-finance/purchasing/vendor-resources/formal-procurement-solicitations/,Create saved UH ESBD search routine,Benjamin,2026-06-28,
university_of_houston,University of Houston,UH vendor setup,payment_vendor_setup,selected_vendor,required_after_award,not_started,"Use UH Accounts Payable and Vendor Setup process when UH needs vendor/payment setup.","Payee/vendor information; tax data; EFT data when requested",https://www.uh.edu/office-of-finance/purchasing/vendor-resources/ap-vendor-setup/,Prepare vendor setup packet without storing sensitive data in CSV,Benjamin,2026-07-01,
university_of_houston,University of Houston,METRO SBE certificate as supporting vendor evidence,supplier_profile,all,conditional,staged_supporting,"Keep active METRO SBE proof in the UH packet when a profile or opportunity asks for certification evidence.","METRO SBE certificate proof; capability statement; CMBL status",https://www.uh.edu/office-of-finance/purchasing/vendor-resources/,Use Drive-backed METRO SBE proof only if UH vendor profile asks for certifications,Benjamin,2026-08-26,"Certificate evidence: Google Drive file ID 1vC1t1WJDdOjOKBfp6q_qN47MtQiOlcEi."
university_of_houston,University of Houston,Certificate of Interested Parties Form 1295,disclosure,selected_contract,conditional,not_started,"Complete online Texas Ethics Commission Form 1295 when contract value or Board approval trigger applies.","Interested parties disclosure; contract details",https://www.uh.edu/office-of-finance/purchasing/vendor-resources/certificate/index.php,Add Form 1295 readiness to close checklist,Benjamin,2026-07-01,"UH says contracts valued at $1M+ or otherwise requiring Board approval require Form 1295."
ut_austin,University of Texas at Austin,Bonfire vendor portal,bid_portal,all,recommended,not_started,"Monitor UT Austin bid opportunities in Bonfire and planning/design/construction sources where relevant.","Vendor account; commodity interests; alert settings",https://procurement.utexas.edu/affiliated-subunits/vendor-management-office/vendor-portal,Create or verify Bonfire vendor profile,Benjamin,2026-06-28,
ut_austin,University of Texas at Austin,VID/PIF vendor identification,payment_vendor_setup,selected_vendor,required_after_award,not_started,"Prepare UT Vendor Identification and Payee Information Form data for vendor onboarding/payment.","TIN/EIN; mailing/permanent address; contact email; formation date; phone; status fields",https://procurement.utexas.edu/vendor-identification-vid-section,Prepare UT PIF/VID data packet,Benjamin,2026-07-01,"Do not email PIF/EFT forms per UT page; follow UT upload/DocuSign routing."
ut_austin,University of Texas at Austin,VetHUB / Small Business participation tracking,supplier_diversity,all,recommended,not_started,"UT tracks VetHUB participation and lists SB/SDB/8(a)/WOSB/HUBZone/SDVOSB categories for small business goals and subcontracting.","Applicable certifications; subcontracting plan data; company capability statement",https://procurement.utexas.edu/affiliated-subunits/vendor-management-office/small-business,Map company certifications to UT small business categories,Benjamin,2026-06-30,
ut_austin,University of Texas at Austin,METRO SBE certificate as supplier-diversity support,supplier_diversity,all,conditional,staged_supporting,"Use active METRO SBE proof where Bonfire or UT supplier profile requests certification evidence.","METRO SBE certificate proof; capability statement; CMBL status; vendor profile data",https://procurement.utexas.edu/affiliated-subunits/vendor-management-office/small-business,Stage METRO SBE proof for UT profile and submit only after profile review,Benjamin,2026-08-26,"Certificate evidence: Google Drive file ID 1vC1t1WJDdOjOKBfp6q_qN47MtQiOlcEi."
ut_austin,University of Texas at Austin,UT Austin Subcontracting Plan / PAR,supplier_diversity_reporting,selected_opportunity,opportunity_specific,not_started,"For UT RFQ/RFP/ITB or generated orders where required use UT SP/SP-A/PAR forms and B2Gnow workflow.","Subcontracting Plan; Progress Assessment Report; subcontractor data",https://procurement.utexas.edu/affiliated-subunits/vendor-management-office/resources,Add SP/PAR readiness to proposal checklist,Benjamin,2026-07-01,
state_of_texas,State of Texas,CMBL registration,state_vendor_registration,all,recommended,not_started,"Maintain CMBL profile so state purchasing entities can find the vendor based on products/services.","Company profile; commodity codes; email; annual fee",https://comptroller.texas.gov/purchasing/vendor/cmbl/,Add CMBL row to each active company,Benjamin,2026-06-28,
state_of_texas,State of Texas,VetHUB certification,state_certification,eligible_sdv_owned_company,conditional,not_started,"If a company is service-disabled veteran owned, apply through the free VetHUB process and maintain directory profile.","Proof of 51 percent ownership/control; service-disabled veteran status; Texas principal place of business; for-profit and size standard evidence",https://comptroller.texas.gov/purchasing/vendor/hub/certification-process.php,Determine whether any company is VetHUB eligible,Benjamin,2026-06-30,"Current Texas Comptroller page labels this program Veteran Heroes United in Business."
city_of_houston,City of Houston,BeaconBid supplier account,bid_portal,all,required,not_started,"Use BeaconBid for City of Houston solicitations and electronic bid responses. Do not store tokenized solicitation links in tracked files.","Supplier account; company profile; bid contact; commodity interests",https://www.beaconbid.com/solicitations/city-of-houston,Verify supplier login and notification settings,Benjamin,2026-06-28,"Source Gmail messages: 19efe3a96bb5b8bc and related BeaconBid reminders."
city_of_houston,City of Houston,METRO SBE certificate as related certification support,supplier_profile,all,conditional,staged_supporting,"Keep active METRO SBE proof in the BeaconBid/Strategic Purchasing packet as related certification support.","METRO SBE certificate proof; commodity categories; City Strategic Purchasing proof; City OBO status",https://www.beaconbid.com/solicitations/city-of-houston,Stage METRO SBE proof but do not treat it as City OBO certification,Benjamin/Jie,2026-08-26,"Certificate evidence: Google Drive file ID 1vC1t1WJDdOjOKBfp6q_qN47MtQiOlcEi."
city_of_houston,City of Houston,Strategic Purchasing vendor/supplier registration,vendor_registration,all,required,not_started,"Confirm proof of City of Houston vendor/supplier registration for certification and bid readiness.","Vendor/supplier registration proof",TBD,Locate proof of Strategic Purchasing registration,Benjamin/Jie,2026-06-28,"Listed as missing in Gmail message 19eaa667118e12c2."
city_of_houston,City of Houston,OBO M/WBE or SBE certification,local_certification,eligible_company,recommended,not_started,"Complete City of Houston OBO certification requirements for applicable company and owner profile.","Affidavit; PNW; non-interest affidavits; references; 5 years tax returns; resumes; corporate bank resolution; balance sheet; licenses/permits/equipment/loan/bonding/prior certification docs as applicable",https://houston.mwdbe.com/FrontPage/VendorMain.asp,Finish missing OBO document packet,Benjamin/Jie,2026-07-03,"Missing item list captured in Gmail message 19eaa667118e12c2."
harris_county,Harris County,Harris County Bonfire supplier registration,bid_portal,all,required,staged_ready,"Register or verify supplier profile in Harris County Bonfire/Euna so Metro LeCrown can receive opportunity notifications and download solicitation documents.","Company profile; contact email; NIGP/commodity code selections; capability statement; certification evidence if requested",https://purchasing.harriscountytx.gov/,Stage Bonfire profile and NIGP codes before submitting,Benjamin/Jie,2026-08-26,"Official purchasing homepage says Bonfire manages suppliers and online bids/proposals; registration is open and free; notifications are based on selected NIGP codes."
harris_county,Harris County,METRO SBE certificate as Bonfire supplier profile support,supplier_profile,all,conditional,staged_supporting,"Use active METRO SBE proof where the Harris County Bonfire profile or a solicitation asks for certification evidence.","METRO SBE certificate proof; capability statement; NIGP codes; CMBL status if available",https://purchasing.harriscountytx.gov/Services/Online-Solicitation-Opportunities,Add METRO SBE proof to the Harris County packet without treating it as a Harris County certification,Benjamin/Jie,2026-08-26,"Certificate evidence: Google Drive file ID 1vC1t1WJDdOjOKBfp6q_qN47MtQiOlcEi."
harris_county,Harris County,Harris County vendor setup after award,payment_vendor_setup,selected_vendor,required_after_award,staged_supporting,"Prepare vendor setup documents only when awarded or when Harris County requests supplier setup documentation.","Vendor Information Form; signed W-9; optional ACH authorization; voided check or bank letter if ACH is chosen",https://purchasing.harriscountytx.gov/Services/Supplier-Inquiry,Keep payment setup staged and do not submit bank data without award/request confirmation,Benjamin,2026-08-27,"Harris County supplier inquiry page says vendor setup requires contacting Vendor Management and copying the Harris County point of contact."
houston_metro,Metropolitan Transit Authority of Harris County METRO,METRO procurement opportunities,bid_source,all,recommended,not_started,"Monitor current solicitations and anticipated procurement from METRO procurement opportunities page.","Saved bid search; target categories; opportunity notes",https://www.ridemetro.org/about/business-to-business/procurement-opportunities,Set weekly METRO opportunity review,Benjamin,2026-06-28,"Source Gmail thread 19e88d76bab525c8."
houston_metro,Metropolitan Transit Authority of Harris County METRO,METRO Ariba vendor registration,vendor_registration,all,required,not_started,"Register or verify vendor profile in METRO Ariba Spend Management.","Company profile; contacts; tax/vendor data; commodity categories",https://s3.ariba.com/Sourcing/Main/aw?awh=r&awssk=8Zgv3KidKouY4TkM&realm=ridemetro&dard=1,Verify whether profile already exists,Benjamin/Jie,2026-06-28,"Jie reported possible existing profile in Gmail thread 19e88d76bab525c8."
houston_metro,Metropolitan Transit Authority of Harris County METRO,METRO SBE certificate in SAP Ariba profile,supplier_diversity,all,recommended,staged_ready,"Use active METRO SBE proof and certification dates in the SAP Ariba vendor profile.","METRO SBE certificate proof; certification effective date; renewal date; NIGP codes",https://www.ridemetro.org/about/faqs/-in-category/topics/bonfire-to-sap-ariba-transition,Stage SBE certificate fields and attachment for Ariba profile review,Benjamin/Jie,2026-08-24,"Certificate evidence: Google Drive file ID 1vC1t1WJDdOjOKBfp6q_qN47MtQiOlcEi."
houston_metro,Metropolitan Transit Authority of Harris County METRO,METRO SBDBE certification portal,local_certification,eligible_company,recommended,in_progress,"Use METRO SBDBE Contract Compliance System for small business certification workflow.","Application number; ownership/control docs; certification packet; analyst follow-up",https://ridemetro.sbdbe.com/,Follow up on application 6659818,Benjamin/Jie,2026-06-28,"Gmail thread 19e88d76bab525c8 says application 6659818 submitted 2026-05-10 and pending processing."
houston_metro,Metropolitan Transit Authority of Harris County METRO,GovSpend small purchases,bid_source,all,recommended,not_started,"Monitor METRO small purchase opportunities through GovSpend open quote requests.","GovSpend account; saved search; commodity filters",https://app.govspend.com/quoteRequests/allOpenRequests,Verify GovSpend access and filters,Benjamin,2026-06-29,"METRO contact noted link still says under $50k although under $100k opportunities."
houston_metro,Metropolitan Transit Authority of Harris County METRO,METRO SBE business assessment,readiness_assessment,all,recommended,not_started,"Complete METRO's business assessment to review capacity for future opportunities.","Assessment answers; capability summary",https://ridemetro.qualtrics.com/jfe/form/SV_e3C1E0X9CM61Kx8,Complete assessment,Benjamin/Jie,2026-06-29,
katy_isd,Katy Independent School District,OpenGov Procurement vendor portal,vendor_registration,all,recommended,not_started,"Create or verify OpenGov Procurement vendor account for Katy ISD vendor list and project notifications.","OpenGov account; company profile; notification categories",https://procurement.opengov.com/,Verify Katy ISD OpenGov account status,Benjamin,2026-06-29,"Source Gmail messages: 19aff01707eea5b6 19b435c446d37e83 19baf83304eb1100."
katy_isd,Katy Independent School District,Katy ISD VSS payment setup,payment_vendor_setup,selected_vendor,required_after_award,staged_supporting,"Prepare VSS registration documents only when payment setup is needed.","Current IRS Form W-9; Debarment form; HB 89 and SB 252 Certification Addendum; vendor profile data",https://www.katyisd.org/purchasing/information-for-vendors,Keep payment setup staged and do not upload tax forms until requested,Benjamin/Jie,2026-08-30,"Katy says vendors must be registered in VSS to receive payment."
hcc,Houston City College / Houston Community College,HCC Bonfire bidder registration,bid_portal,all,required,staged_ready,"Register or verify bidder profile in HCC Bonfire to receive and respond to HCC opportunities.","Bonfire account; company profile; bid contact; NIGP/category selections; capability statement",https://www.hccs.edu/about-us/departments--offices/procurement-operations/,Stage profile and notification categories before submitting,Benjamin/Jie,2026-08-28,"Official HCC procurement page links Register as a Bidder."
hcc,Houston City College / Houston Community College,HCC Small Business Development Program recognition,supplier_diversity,all,conditional,staged_supporting,"Use METRO SBE proof as supporting evidence where HCC recognizes the certifying organization or opportunity profile asks for certification.","METRO SBE certificate proof; capability statement; company size evidence if requested",https://www.hccs.edu/about-us/departments--offices/procurement-operations/small-business-development-program-sbdp/,Confirm HCC recognized certification fit before claiming SBDP status,Benjamin/Jie,2026-08-28,"HCC SBDP page says small businesses must be certified by an HCC-recognized agency or organization."
lone_star_college,Lone Star College System,LSCS e-bid bidder registration,bid_portal,all,required,staged_ready,"Register or verify the LSCS web-based e-bid profile for electronic notifications and submissions.","Bidder account; company profile; commodity/category selections; capability statement",https://www.lonestar.edu/purchasing.htm,Stage bidder profile and category selections,Benjamin/Jie,2026-08-29,"LSCS says registration is free and vendors receive applicable bid notifications."
lone_star_college,Lone Star College System,iStar supplier registration,supplier_profile,all,conditional,not_started,"Complete iStar supplier registration if LSCS requires full supplier onboarding beyond bidder registration.","Company profile; supplier contact; W-9/payment data only if requested",https://www.lonestar.edu/19005.htm,Verify whether bidder registration is sufficient before entering supplier/payment data,Benjamin/Jie,2026-08-29,"LSCS FAQ says suppliers register through the iStar Vendor Portal."
san_jacinto_college,San Jacinto College,San Jacinto e-bidding registration,bid_portal,all,required,staged_ready,"Register or verify vendor profile in San Jacinto's e-bidding system to find and submit solicitations.","E-bidding account; company profile; contact email; category selections; capability statement",https://www.sanjac.edu/information-for/business-partners/doing-business-with-san-jac/,Stage profile and category selections,Benjamin/Jie,2026-08-29,"San Jacinto says vendors set up a free profile in its e-bidding system."
hisd,Houston Independent School District,HISD IonWave E-Bidding registration,bid_portal,all,required,staged_ready,"Register or verify HISD IonWave profile to respond to solicitations and receive matching notifications.","IonWave account; company profile; commodity code selections; capability statement; certification proof if requested",https://www.houstonisd.org/community-partnerships/purchasing-services,Stage IonWave profile and commodity codes before submitting,Benjamin/Jie,2026-08-30,"HISD says all vendors who wish to respond to solicitations must register in IonWave."
spring_branch_isd,Spring Branch ISD,SBISD vendor registration,vendor_registration,all,required,auth_required,"Verify the current SBISD registration route through Purchasing before creating or updating a vendor profile.","Company profile; W-9; EFT authorization if requested; CIQ; certificate of insurance if required; capability statement",https://www.springbranchisd.com/o/fs/page/vendor-registration,Verify live route with SBISD Purchasing before submitting,Benjamin/Jie,2026-08-30,"Current vendor registration page directs vendors to contact Purchasing for registration assistance."
tea,Texas Education Agency,TEA Euna/Bonfire supplier registration,bid_portal,all,required,auth_required,"Register or verify TEA Bonfire account for TEA solicitations and vendor discussions.","Bonfire account; company profile; NIGP codes; capability statement; solicitation-specific forms",https://tea.texas.gov/about-tea/agency-finances/contracts-and-purchasing/contracts-and-purchasing,Verify TEA Bonfire account and NIGP setup before drafting opportunity responses,Benjamin,2026-08-28,"TEA says NIGP codes are important because they drive bid opportunity notifications."
trs,Teacher Retirement System of Texas,TRS PAVES vendor registration,bid_portal,all,required,auth_required,"Register or verify TRS PAVES vendor profile before pursuing TRS solicitations.","PAVES account; company profile; ESBD opportunity record; capability statement; solicitation-specific response documents",https://trs.texas.gov/procurement/paves,Verify PAVES registration status before working TRS000683 or later opportunities,Benjamin,2026-08-28,"TRS says PAVES is its procurement and vendor e-system."
tdcj,Texas Department of Criminal Justice,TDCJ solicitation review,bid_source,all,opportunity_specific,not_started,"Review forwarded TDCJ Records Management System solicitation notice and identify registration/submission path before pursuing.","Solicitation notice PDF; buyer contact; submission deadline; vendor registration path",https://www.tdcj.texas.gov/divisions/bfd/bfd_contracts.html,Review attached solicitation notice from Gmail,Benjamin,2026-06-29,"Source Gmail message 19de5b09d7fbab0a from TDCJ Contracts and Procurement."
tdcj,Texas Department of Criminal Justice,METRO SBE certificate in state buyer packet,supplier_profile,all,conditional,staged_supporting,"Keep active METRO SBE proof in the TDCJ/state buyer packet while CMBL and solicitation routing are verified.","METRO SBE certificate proof; CMBL status; capability statement; solicitation-specific data",https://www.tdcj.texas.gov/divisions/bfd/bfd_contracts.html,Add SBE proof to TDCJ packet and verify whether the solicitation route asks for certifications,Benjamin,2026-08-27,"Certificate evidence: Google Drive file ID 1vC1t1WJDdOjOKBfp6q_qN47MtQiOlcEi."
