attempt_date,packet_id,buyer_id,buyer_name,portal_or_route,attempt_type,route_check_result,registration_result,blocker,next_action,evidence_reference,notes
2026-08-23,vrp-metro-ariba,houston_metro,Metropolitan Transit Authority of Harris County METRO,SAP Ariba vendor registration,non_interactive_route_check,official METRO procurement page reachable; Ariba profile requires authenticated supplier access,not_submitted,auth_required,Authenticate to METRO SAP Ariba and complete company/certification fields once private intake data is available.,data/vendor-registration-packets.csv; data/buyers.csv,No external portal submission was made in this pass.
2026-08-23,vrp-metro-govspend,houston_metro,Metropolitan Transit Authority of Harris County METRO,GovSpend small purchases,non_interactive_route_check,GovSpend route is account based,not_submitted,auth_required,Authenticate to GovSpend and verify account/profile filters before submitting profile changes.,data/vendor-registration-packets.csv; data/buyers.csv,No external portal submission was made in this pass.
2026-08-23,vrp-metro-assessment,houston_metro,Metropolitan Transit Authority of Harris County METRO,METRO SBE business assessment,non_interactive_route_check,METRO assessment route is public but needs reviewed business/capacity answers,not_submitted,missing_intake_and_review,"Complete capability statement, NAICS/NIGP, and capacity answers before submitting the METRO assessment.",data/vendor-registration-packets.csv; data/buyers.csv,No external portal submission was made in this pass.
2026-08-23,vrp-uh-vendor-profile,university_of_houston,University of Houston,UH vendor setup and ESBD/CMBL readiness,non_interactive_route_check,UH procurement and ESBD pages reachable,not_submitted,missing_cmbl_and_private_intake,Verify CMBL and complete private company intake before UH vendor/profile setup.,data/vendor-registration-packets.csv; data/buyers.csv,No external portal submission was made in this pass.
2026-08-23,vrp-ut-vendor-profile,ut_austin,University of Texas at Austin,UT Bonfire and Vendor Management profile,non_interactive_route_check,UT Bonfire portal reachable,not_submitted,auth_required,Authenticate to UT Bonfire/vendor portal and complete profile after private intake review.,data/vendor-registration-packets.csv; data/buyers.csv,No external portal submission was made in this pass.
2026-08-23,vrp-city-beaconbid,city_of_houston,City of Houston,BeaconBid and Strategic Purchasing vendor registration,non_interactive_route_check,City OBO portal reachable; BeaconBid route rejects simple HTTP check but is known from tracker,not_submitted,auth_required,Authenticate to BeaconBid/City portal and complete profile only after City OBO blockers are separated.,data/vendor-registration-packets.csv; data/buyers.csv,No external portal submission was made in this pass.
2026-08-23,vrp-harris-county-bonfire,harris_county,Harris County,Harris County Bonfire supplier registration,non_interactive_route_check,Harris County Bonfire opportunity portal reachable; registration URL redirects in browser-style flow,not_submitted,missing_private_intake_or_account,Complete company intake and then submit Harris County Bonfire registration/profile after review.,data/vendor-registration-packets.csv; data/buyers.csv,No external portal submission was made in this pass.
2026-08-23,vrp-hcc-bonfire,hcc,Houston City College / Houston Community College,HCC Bonfire bidder registration,non_interactive_route_check,HCC procurement and Bonfire opportunity portal reachable,not_submitted,missing_private_intake_or_account,Complete company intake and then submit HCC Bonfire bidder registration after review.,data/vendor-registration-packets.csv; data/buyers.csv,No external portal submission was made in this pass.
2026-08-23,vrp-lone-star-ebid,lone_star_college,Lone Star College System,LSCS e-bid and iStar supplier registration,non_interactive_route_check,Lone Star purchasing page reachable,not_submitted,missing_private_intake_or_account,Complete company intake and then submit LSCS e-bid/iStar registration after route review.,data/vendor-registration-packets.csv; data/buyers.csv,No external portal submission was made in this pass.
2026-08-23,vrp-san-jacinto-ebid,san_jacinto_college,San Jacinto College,San Jacinto e-bidding vendor profile,non_interactive_route_check,San Jacinto vendor page and PlanetBids portal reachable,not_submitted,missing_private_intake_or_account,Complete company intake and then submit San Jacinto e-bidding profile after review.,data/vendor-registration-packets.csv; data/buyers.csv,No external portal submission was made in this pass.
2026-08-23,vrp-hisd-ionwave,hisd,Houston Independent School District,HISD IonWave E-Bidding registration,non_interactive_route_check,HISD purchasing page and IonWave login reachable,not_submitted,auth_required,Authenticate to HISD IonWave and complete profile after private intake review.,data/vendor-registration-packets.csv; data/buyers.csv,No external portal submission was made in this pass.
2026-08-23,vrp-spring-branch-vendor,spring_branch_isd,Spring Branch ISD,SBISD vendor registration route,non_interactive_route_check,SBISD vendor registration and purchasing pages reachable,not_submitted,route_confirmation_required,Verify current SBISD registration route with Purchasing before submitting any profile.,data/vendor-registration-packets.csv; data/buyers.csv,No external portal submission was made in this pass.
2026-08-23,vrp-katy-opengov,katy_isd,Katy Independent School District,Katy ISD OpenGov and VSS registration,non_interactive_route_check,OpenGov redirects to login; Katy registration needs account session,not_submitted,auth_required,Authenticate to OpenGov and verify prior Katy invitation before profile submission; keep VSS payment setup separate.,data/vendor-registration-packets.csv; data/buyers.csv,No external portal submission was made in this pass.
2026-08-23,vrp-tea-bonfire,tea,Texas Education Agency,TEA Euna/Bonfire supplier registration,non_interactive_route_check,TEA contracts page and Bonfire portal reachable,not_submitted,auth_required,Authenticate to TEA Bonfire and verify NIGP setup; no opportunity response without approval.,data/vendor-registration-packets.csv; data/buyers.csv,No external portal submission was made in this pass.
2026-08-23,vrp-trs-paves,trs,Teacher Retirement System of Texas,TRS PAVES vendor registration,non_interactive_route_check,TRS procurement and PAVES pages reachable,not_submitted,auth_required,Authenticate to TRS PAVES and verify vendor profile before working TRS000683 or later solicitations.,data/vendor-registration-packets.csv; data/buyers.csv,No external portal submission was made in this pass.
2026-08-23,vrp-tdcj-state-profile,tdcj,Texas Department of Criminal Justice,TDCJ and Texas state buyer readiness,non_interactive_route_check,tracked TDCJ URL returned 404 in route check,not_submitted,route_validation_required,Re-verify current TDCJ procurement URL and solicitation route before registration work.,data/vendor-registration-packets.csv; data/buyers.csv,No external portal submission was made in this pass.
2026-08-23,vrp-prime-subcontracting,prime_subcontractors,Federal prime subcontracting targets,Prime supplier diversity and small-business portals,non_interactive_route_check,generic row superseded by individual prime packet rows,not_submitted,superseded,Use individual prime packet rows for Accenture SAIC CGI Booz Allen Dell Federal and KBR.,data/vendor-registration-packets.csv; data/buyers.csv,No external portal submission was made in this pass.
2026-08-23,vrp-prime-accenture-federal,prime_accenture_federal,Accenture Federal Services LLC,Accenture federal small-business registration route,non_interactive_route_check,prime route identified from tracker; registration should wait for capability/SAM packet,not_submitted,missing_capability_sam,Complete one-page capability statement and SAM/UEI status before submitting AFS profile.,data/vendor-registration-packets.csv; data/buyers.csv,No external portal submission was made in this pass.
2026-08-23,vrp-prime-saic,prime_saic,SAIC,SAIC suppliers and small-business route,non_interactive_route_check,prime route identified from tracker; registration should wait for capability/SAM packet,not_submitted,missing_capability_sam,Complete one-page capability statement and SAM/UEI status before submitting SAIC profile.,data/vendor-registration-packets.csv; data/buyers.csv,No external portal submission was made in this pass.
2026-08-23,vrp-prime-cgi-federal,prime_cgi_federal,CGI Federal Inc.,CGI Federal supplier network and small-business route,non_interactive_route_check,prime route identified from tracker; registration should wait for capability/SAM packet,not_submitted,missing_capability_sam,Complete one-page capability statement and SAM/UEI status before joining CGI Federal supplier route.,data/vendor-registration-packets.csv; data/buyers.csv,No external portal submission was made in this pass.
2026-08-23,vrp-prime-booz-allen,prime_booz_allen,Booz Allen Hamilton Inc.,Booz Allen prospective small-business supplier database,non_interactive_route_check,prime route identified from tracker; registration should wait for capability/SAM packet,not_submitted,missing_capability_sam,Complete one-page capability statement and SAM/UEI status before submitting Booz Allen profile.,data/vendor-registration-packets.csv; data/buyers.csv,No external portal submission was made in this pass.
2026-08-23,vrp-prime-dell-federal,prime_dell_federal,Dell Federal Systems L.P.,Dell supplier diversity route needing federal-front-door validation,non_interactive_route_check,older tracker says Dell Federal route still needs validation,not_submitted,route_validation_required,Resolve Dell Federal subcontracting front door before registration or outreach.,data/vendor-registration-packets.csv; data/buyers.csv,No external portal submission was made in this pass.
2026-08-23,vrp-prime-kbr,prime_kbr,KBR Services LLC,KBR SBLO or supplier route needing validation,non_interactive_route_check,older tracker says KBR route still needs validation,not_submitted,route_validation_required,Resolve KBR SBLO or supplier route before registration or outreach.,data/vendor-registration-packets.csv; data/buyers.csv,No external portal submission was made in this pass.
